employee_id,birth_date
1,1/18/2003
2,12/14/1982
3,1/11/2002
4,10/29/1972
5,8/8/1989
6,2/2/1995
7,1/8/2001
8,8/4/1994
9,10/2/1986
10,8/29/1983
11,12/13/1997
12,10/3/1979
13,7/26/1985
14,9/24/1990
15,5/12/1987
16,5/1/1978
17,3/22/1972
18,4/26/1979
19,10/6/1991
20,7/20/1986
21,10/5/1972
22,2/4/2001
23,2/29/1984
24,3/1/1991
25,8/20/1980
26,11/16/1980
27,7/4/1972
28,10/12/1978
29,6/13/1984
30,9/3/1981
31,5/22/1989
32,1/2/2002
33,7/2/1999
34,5/23/1986
35,9/15/2000
36,7/12/1987
37,6/6/1979
38,1/19/1991
39,10/13/2003
40,3/25/1976
41,6/25/1980
42,12/15/2003
43,6/22/1993
44,8/6/1981
45,6/20/1998
46,9/29/1981
47,12/26/1999
48,10/22/1989
49,1/24/1987
50,7/5/1978
51,5/7/1973
52,10/10/1985
53,11/8/1985
54,7/20/1996
55,7/5/1975
56,1/19/2004
57,1/9/1981
58,6/2/1982
59,8/30/1987
60,10/6/1999
61,7/23/1985
62,2/25/1996
63,1/14/1976
64,6/24/1979
65,4/6/1988
66,11/12/1999
67,1/2/1974
68,10/3/1974
69,3/11/1984
70,5/24/1976
71,1/28/1975
72,3/18/1991
73,1/20/1989
74,10/21/1995
75,10/1/1990
76,4/24/1975
77,7/8/1979
78,3/24/1983
79,1/20/1979
80,3/8/1984
81,6/15/1992
82,8/30/1970
83,10/17/1980
84,10/19/1996
85,3/12/1982
86,9/24/2004
87,10/26/1992
88,10/23/1986
89,6/7/1995
90,5/4/1980
91,9/28/2003
92,11/12/1999
93,4/19/2003
94,9/17/1980
95,7/30/1993
96,3/15/1973
97,5/1/2004
98,9/14/1986
99,3/8/1991
100,5/6/1973
